{
  "schemaVersion": 1,
  "id": "onyx",
  "version": "4.1.9",
  "name": "Onyx Client",
  "description": "Minecraft Utility Mod by Integr",
  "authors": [
    "Integr"
  ],
  "contact": {
    "homepage": "",
    "sources": ""
  },
  "license": "CC0-1.0",
  "icon": "assets/onyx/icon.png",
  "environment": "*",
  "entrypoints": {
    "main": [
      "net.integr.onyx.Onyx"
    ],
    "client": [
      "net.integr.onyx.OnyxClient"
    ]
  },
  "mixins": [
    "onyx.mixins.json"
  ],
  "depends": {
    "fabricloader": "\u003e\u003d0.14.11",
    "fabric-api": "*",
    "minecraft": "~1.20.1",
    "fabric-key-binding-api-v1": "*",
    "java": "\u003e\u003d17"
  },
  "suggests": {
    "another-mod": "*"
  },
  "jars": [
    {
      "file": "META-INF/jars/java-discord-rpc-2.0.1.jar"
    },
    {
      "file": "META-INF/jars/discord-rpc-release-v3.3.0.jar"
    }
  ]
}