{
  "mappings": {
    "net/integr/onyx/mixin/AbstractBlockMixin": {
      "getAmbientOcclusionLightLevel": "Lnet/minecraft/class_4970;method_9575(Lnet/minecraft/class_2680;Lnet/minecraft/class_1922;Lnet/minecraft/class_2338;)F",
      "getCollisionShape": "Lnet/minecraft/class_4970;method_9549(Lnet/minecraft/class_2680;Lnet/minecraft/class_1922;Lnet/minecraft/class_2338;Lnet/minecraft/class_3726;)Lnet/minecraft/class_265;"
    },
    "net/integr/onyx/mixin/BlockMixin": {
      "shouldDrawSide": "Lnet/minecraft/class_2248;method_9607(Lnet/minecraft/class_2680;Lnet/minecraft/class_1922;Lnet/minecraft/class_2338;Lnet/minecraft/class_2350;Lnet/minecraft/class_2338;)Z"
    },
    "net/integr/onyx/mixin/CameraMixin": {
      "Lnet/minecraft/client/render/Camera;setRotation(FF)V": "Lnet/minecraft/class_4184;method_19325(FF)V",
      "update": "Lnet/minecraft/class_4184;method_19321(Lnet/minecraft/class_1922;Lnet/minecraft/class_1297;ZZF)V"
    },
    "net/integr/onyx/mixin/ClientConnectionMixin": {
      "handleDisconnection": "Lnet/minecraft/class_2535;method_10768()V",
      "handlePacket": "Lnet/minecraft/class_2535;method_10759(Lnet/minecraft/class_2596;Lnet/minecraft/class_2547;)V"
    },
    "net/integr/onyx/mixin/ClientPlayNetworkHandlerMixin": {
      "sendChatMessage": "Lnet/minecraft/class_634;method_45729(Ljava/lang/String;)V"
    },
    "net/integr/onyx/mixin/ClientPlayerEntityMixin": {
      "sendMovementPackets": "Lnet/minecraft/class_746;method_3136()V"
    },
    "net/integr/onyx/mixin/ClientPlayerInteractionManagerMixin": {
      "attackEntity": "Lnet/minecraft/class_636;method_2918(Lnet/minecraft/class_1657;Lnet/minecraft/class_1297;)V",
      "interactEntity": "Lnet/minecraft/class_636;method_2905(Lnet/minecraft/class_1657;Lnet/minecraft/class_1297;Lnet/minecraft/class_1268;)Lnet/minecraft/class_1269;"
    },
    "net/integr/onyx/mixin/EntityMixin": {
      "changeLookDirection": "Lnet/minecraft/class_1297;method_5872(DD)V",
      "pushAwayFrom": "Lnet/minecraft/class_1297;method_5697(Lnet/minecraft/class_1297;)V"
    },
    "net/integr/onyx/mixin/EntityRendererMixin": {
      "renderLabelIfPresent(Lnet/minecraft/entity/Entity;Lnet/minecraft/text/Text;Lnet/minecraft/client/util/math/MatrixStack;Lnet/minecraft/client/render/VertexConsumerProvider;I)V": "Lnet/minecraft/class_897;method_3926(Lnet/minecraft/class_1297;Lnet/minecraft/class_2561;Lnet/minecraft/class_4587;Lnet/minecraft/class_4597;I)V"
    },
    "net/integr/onyx/mixin/GameOptionsMixin": {
      "setPerspective": "Lnet/minecraft/class_315;method_31043(Lnet/minecraft/class_5498;)V"
    },
    "net/integr/onyx/mixin/GameRendererMixin": {
      "Lnet/minecraft/client/render/GameRenderer;renderHand:Z": "Lnet/minecraft/class_757;field_3992:Z",
      "renderWorld(FJLnet/minecraft/client/util/math/MatrixStack;)V": "Lnet/minecraft/class_757;method_3188(FJLnet/minecraft/class_4587;)V"
    },
    "net/integr/onyx/mixin/GenericContainerScreenMixin": {
      "render": "Lnet/minecraft/class_476;method_25394(Lnet/minecraft/class_332;IIF)V"
    },
    "net/integr/onyx/mixin/HeldItemRendererMixin": {
      "Lnet/minecraft/client/render/item/HeldItemRenderer;renderArmHoldingItem(Lnet/minecraft/client/util/math/MatrixStack;Lnet/minecraft/client/render/VertexConsumerProvider;IFFLnet/minecraft/util/Arm;)V": "Lnet/minecraft/class_759;method_3219(Lnet/minecraft/class_4587;Lnet/minecraft/class_4597;IFFLnet/minecraft/class_1306;)V",
      "Lnet/minecraft/client/render/item/HeldItemRenderer;renderItem(Lnet/minecraft/entity/LivingEntity;Lnet/minecraft/item/ItemStack;Lnet/minecraft/client/render/model/json/ModelTransformationMode;ZLnet/minecraft/client/util/math/MatrixStack;Lnet/minecraft/client/render/VertexConsumerProvider;I)V": "Lnet/minecraft/class_759;method_3233(Lnet/minecraft/class_1309;Lnet/minecraft/class_1799;Lnet/minecraft/class_811;ZLnet/minecraft/class_4587;Lnet/minecraft/class_4597;I)V",
      "renderFirstPersonItem": "Lnet/minecraft/class_759;method_3228(Lnet/minecraft/class_742;FFLnet/minecraft/class_1268;FLnet/minecraft/class_1799;FLnet/minecraft/class_4587;Lnet/minecraft/class_4597;I)V"
    },
    "net/integr/onyx/mixin/InGameHudMixin": {
      "getCameraPlayer": "Lnet/minecraft/class_329;method_1737()Lnet/minecraft/class_1657;",
      "render": "Lnet/minecraft/class_329;method_1753(Lnet/minecraft/class_332;F)V"
    },
    "net/integr/onyx/mixin/KeyboardMixin": {
      "onKey": "Lnet/minecraft/class_309;method_1466(JIIII)V"
    },
    "net/integr/onyx/mixin/LivingEntityMixin": {
      "getHandSwingDuration": "Lnet/minecraft/class_1309;method_6028()I"
    },
    "net/integr/onyx/mixin/LivingEntityRendererMixin": {
      "Lnet/minecraft/client/render/entity/LivingEntityRenderer;hasLabel(Lnet/minecraft/entity/LivingEntity;)Z": "Lnet/minecraft/class_922;method_4055(Lnet/minecraft/class_1309;)Z"
    },
    "net/integr/onyx/mixin/MinecraftClientMixin": {
      "cleanUpAfterCrash": "Lnet/minecraft/class_310;method_1519()V",
      "doItemPick": "Lnet/minecraft/class_310;method_1511()V",
      "hasOutline": "Lnet/minecraft/class_310;method_27022(Lnet/minecraft/class_1297;)Z",
      "stop": "Lnet/minecraft/class_310;method_1490()V",
      "tick": "Lnet/minecraft/class_310;method_1574()V"
    },
    "net/integr/onyx/mixin/SoundManagerMixin": {
      "play(Lnet/minecraft/client/sound/SoundInstance;)V": "Lnet/minecraft/class_1144;method_4873(Lnet/minecraft/class_1113;)V",
      "play(Lnet/minecraft/client/sound/SoundInstance;I)V": "Lnet/minecraft/class_1144;method_4872(Lnet/minecraft/class_1113;I)V"
    },
    "net/integr/onyx/mixin/TitleScreenMixin": {
      "render": "Lnet/minecraft/class_442;method_25394(Lnet/minecraft/class_332;IIF)V"
    },
    "net/integr/onyx/mixin/WorldRendererMixin": {
      "Lnet/minecraft/client/render/WorldRenderer;checkEmpty(Lnet/minecraft/client/util/math/MatrixStack;)V": "Lnet/minecraft/class_761;method_22979(Lnet/minecraft/class_4587;)V",
      "render": "Lnet/minecraft/class_761;method_22710(Lnet/minecraft/class_4587;FJZLnet/minecraft/class_4184;Lnet/minecraft/class_757;Lnet/minecraft/class_765;Lorg/joml/Matrix4f;)V",
      "renderEntity": "Lnet/minecraft/class_761;method_22977(Lnet/minecraft/class_1297;DDDFLnet/minecraft/class_4587;Lnet/minecraft/class_4597;)V"
    }
  },
  "data": {
    "named:intermediary": {
      "net/integr/onyx/mixin/AbstractBlockMixin": {
        "getAmbientOcclusionLightLevel": "Lnet/minecraft/class_4970;method_9575(Lnet/minecraft/class_2680;Lnet/minecraft/class_1922;Lnet/minecraft/class_2338;)F",
        "getCollisionShape": "Lnet/minecraft/class_4970;method_9549(Lnet/minecraft/class_2680;Lnet/minecraft/class_1922;Lnet/minecraft/class_2338;Lnet/minecraft/class_3726;)Lnet/minecraft/class_265;"
      },
      "net/integr/onyx/mixin/BlockMixin": {
        "shouldDrawSide": "Lnet/minecraft/class_2248;method_9607(Lnet/minecraft/class_2680;Lnet/minecraft/class_1922;Lnet/minecraft/class_2338;Lnet/minecraft/class_2350;Lnet/minecraft/class_2338;)Z"
      },
      "net/integr/onyx/mixin/CameraMixin": {
        "Lnet/minecraft/client/render/Camera;setRotation(FF)V": "Lnet/minecraft/class_4184;method_19325(FF)V",
        "update": "Lnet/minecraft/class_4184;method_19321(Lnet/minecraft/class_1922;Lnet/minecraft/class_1297;ZZF)V"
      },
      "net/integr/onyx/mixin/ClientConnectionMixin": {
        "handleDisconnection": "Lnet/minecraft/class_2535;method_10768()V",
        "handlePacket": "Lnet/minecraft/class_2535;method_10759(Lnet/minecraft/class_2596;Lnet/minecraft/class_2547;)V"
      },
      "net/integr/onyx/mixin/ClientPlayNetworkHandlerMixin": {
        "sendChatMessage": "Lnet/minecraft/class_634;method_45729(Ljava/lang/String;)V"
      },
      "net/integr/onyx/mixin/ClientPlayerEntityMixin": {
        "sendMovementPackets": "Lnet/minecraft/class_746;method_3136()V"
      },
      "net/integr/onyx/mixin/ClientPlayerInteractionManagerMixin": {
        "attackEntity": "Lnet/minecraft/class_636;method_2918(Lnet/minecraft/class_1657;Lnet/minecraft/class_1297;)V",
        "interactEntity": "Lnet/minecraft/class_636;method_2905(Lnet/minecraft/class_1657;Lnet/minecraft/class_1297;Lnet/minecraft/class_1268;)Lnet/minecraft/class_1269;"
      },
      "net/integr/onyx/mixin/EntityMixin": {
        "changeLookDirection": "Lnet/minecraft/class_1297;method_5872(DD)V",
        "pushAwayFrom": "Lnet/minecraft/class_1297;method_5697(Lnet/minecraft/class_1297;)V"
      },
      "net/integr/onyx/mixin/EntityRendererMixin": {
        "renderLabelIfPresent(Lnet/minecraft/entity/Entity;Lnet/minecraft/text/Text;Lnet/minecraft/client/util/math/MatrixStack;Lnet/minecraft/client/render/VertexConsumerProvider;I)V": "Lnet/minecraft/class_897;method_3926(Lnet/minecraft/class_1297;Lnet/minecraft/class_2561;Lnet/minecraft/class_4587;Lnet/minecraft/class_4597;I)V"
      },
      "net/integr/onyx/mixin/GameOptionsMixin": {
        "setPerspective": "Lnet/minecraft/class_315;method_31043(Lnet/minecraft/class_5498;)V"
      },
      "net/integr/onyx/mixin/GameRendererMixin": {
        "Lnet/minecraft/client/render/GameRenderer;renderHand:Z": "Lnet/minecraft/class_757;field_3992:Z",
        "renderWorld(FJLnet/minecraft/client/util/math/MatrixStack;)V": "Lnet/minecraft/class_757;method_3188(FJLnet/minecraft/class_4587;)V"
      },
      "net/integr/onyx/mixin/GenericContainerScreenMixin": {
        "render": "Lnet/minecraft/class_476;method_25394(Lnet/minecraft/class_332;IIF)V"
      },
      "net/integr/onyx/mixin/HeldItemRendererMixin": {
        "Lnet/minecraft/client/render/item/HeldItemRenderer;renderArmHoldingItem(Lnet/minecraft/client/util/math/MatrixStack;Lnet/minecraft/client/render/VertexConsumerProvider;IFFLnet/minecraft/util/Arm;)V": "Lnet/minecraft/class_759;method_3219(Lnet/minecraft/class_4587;Lnet/minecraft/class_4597;IFFLnet/minecraft/class_1306;)V",
        "Lnet/minecraft/client/render/item/HeldItemRenderer;renderItem(Lnet/minecraft/entity/LivingEntity;Lnet/minecraft/item/ItemStack;Lnet/minecraft/client/render/model/json/ModelTransformationMode;ZLnet/minecraft/client/util/math/MatrixStack;Lnet/minecraft/client/render/VertexConsumerProvider;I)V": "Lnet/minecraft/class_759;method_3233(Lnet/minecraft/class_1309;Lnet/minecraft/class_1799;Lnet/minecraft/class_811;ZLnet/minecraft/class_4587;Lnet/minecraft/class_4597;I)V",
        "renderFirstPersonItem": "Lnet/minecraft/class_759;method_3228(Lnet/minecraft/class_742;FFLnet/minecraft/class_1268;FLnet/minecraft/class_1799;FLnet/minecraft/class_4587;Lnet/minecraft/class_4597;I)V"
      },
      "net/integr/onyx/mixin/InGameHudMixin": {
        "getCameraPlayer": "Lnet/minecraft/class_329;method_1737()Lnet/minecraft/class_1657;",
        "render": "Lnet/minecraft/class_329;method_1753(Lnet/minecraft/class_332;F)V"
      },
      "net/integr/onyx/mixin/KeyboardMixin": {
        "onKey": "Lnet/minecraft/class_309;method_1466(JIIII)V"
      },
      "net/integr/onyx/mixin/LivingEntityMixin": {
        "getHandSwingDuration": "Lnet/minecraft/class_1309;method_6028()I"
      },
      "net/integr/onyx/mixin/LivingEntityRendererMixin": {
        "Lnet/minecraft/client/render/entity/LivingEntityRenderer;hasLabel(Lnet/minecraft/entity/LivingEntity;)Z": "Lnet/minecraft/class_922;method_4055(Lnet/minecraft/class_1309;)Z"
      },
      "net/integr/onyx/mixin/MinecraftClientMixin": {
        "cleanUpAfterCrash": "Lnet/minecraft/class_310;method_1519()V",
        "doItemPick": "Lnet/minecraft/class_310;method_1511()V",
        "hasOutline": "Lnet/minecraft/class_310;method_27022(Lnet/minecraft/class_1297;)Z",
        "stop": "Lnet/minecraft/class_310;method_1490()V",
        "tick": "Lnet/minecraft/class_310;method_1574()V"
      },
      "net/integr/onyx/mixin/SoundManagerMixin": {
        "play(Lnet/minecraft/client/sound/SoundInstance;)V": "Lnet/minecraft/class_1144;method_4873(Lnet/minecraft/class_1113;)V",
        "play(Lnet/minecraft/client/sound/SoundInstance;I)V": "Lnet/minecraft/class_1144;method_4872(Lnet/minecraft/class_1113;I)V"
      },
      "net/integr/onyx/mixin/TitleScreenMixin": {
        "render": "Lnet/minecraft/class_442;method_25394(Lnet/minecraft/class_332;IIF)V"
      },
      "net/integr/onyx/mixin/WorldRendererMixin": {
        "Lnet/minecraft/client/render/WorldRenderer;checkEmpty(Lnet/minecraft/client/util/math/MatrixStack;)V": "Lnet/minecraft/class_761;method_22979(Lnet/minecraft/class_4587;)V",
        "render": "Lnet/minecraft/class_761;method_22710(Lnet/minecraft/class_4587;FJZLnet/minecraft/class_4184;Lnet/minecraft/class_757;Lnet/minecraft/class_765;Lorg/joml/Matrix4f;)V",
        "renderEntity": "Lnet/minecraft/class_761;method_22977(Lnet/minecraft/class_1297;DDDFLnet/minecraft/class_4587;Lnet/minecraft/class_4597;)V"
      }
    }
  }
}