{
  "required": true,
  "minVersion": "0.8",
  "package": "net.integr.onyx.mixin",
  "compatibilityLevel": "JAVA_17",
  "mixins": [],
  "client": [
    "AbstractBlockMixin",
    "BlockMixin",
    "CameraMixin",
    "ClientConnectionMixin",
    "ClientPlayerEntityMixin",
    "ClientPlayerInteractionManagerMixin",
    "ClientPlayNetworkHandlerMixin",
    "EntityMixin",
    "EntityRendererMixin",
    "GameOptionsMixin",
    "GameRendererMixin",
    "GenericContainerScreenMixin",
    "HeldItemRendererMixin",
    "InGameHudMixin",
    "KeyboardMixin",
    "LivingEntityRendererMixin",
    "MinecraftClientMixin",
    "SoundManagerMixin",
    "TitleScreenMixin",
    "WorldRendererMixin",
    "LivingEntityMixin"
  ],
  "injectors": {
    "defaultRequire": 1
  },
  "refmap": "onyx_client-refmap.json"
}